{
    "name": "noplayerdrag",
    "title": "No Player drag move tokens",
    "description": "Disable player drag of tokens",
    "version": "0.0.1",
    "author": "tposney",
    "minimumCoreVersion": "9",
    "compatibleCoreVersion": "9",
    "scripts": [
        "noplayerdrag.js"
    ],
    "styles": [],
    "packs": [],
    "url": "",
    "manifest": "https://gitlab.com/tposney/noplayerdrag/raw/master/module.json",
    "download": "https://gitlab.com/tposney/noplayerdrag/raw/master/noplayerdrag.zip"
  }
